{
    "image1.png": {
        "mtime": 1768573120.503641,
        "url": "url1",
        "id": 101
    },
    "document.pdf": {
        "mtime": 1768573120.503641,
        "url": "url2",
        "id": 102
    }
}